Date,Sales,Naive_Forecast,Holt_Winters_Forecast
2015-01-24,11985,17185.0,11795.61709322642
2015-01-26,21887,11985.0,20332.18979610465
2015-01-27,22552,21887.0,19938.02776581278
2015-01-28,21931,22552.0,17190.478406338967
2015-01-29,22102,21931.0,16915.989655736485
2015-01-30,20883,22102.0,17810.58804381267
2015-01-31,13026,20883.0,11724.46640996983
2015-02-02,24894,13026.0,20261.039112848055
2015-02-03,22139,24894.0,19866.87708255619
2015-02-04,20452,22139.0,17119.327723082373
2015-02-05,20977,20452.0,16844.838972479894
2015-02-06,19151,20977.0,17739.437360556076
2015-02-07,12608,19151.0,11653.31572671324
2015-02-09,20634,12608.0,20189.888429591465
2015-02-10,20233,20634.0,19795.726399299598
2015-02-11,19231,20233.0,17048.177039825783
2015-02-12,19574,19231.0,16773.6882892233
2015-02-13,18708,19574.0,17668.286677299486
2015-02-14,14495,18708.0,11582.165043456645
2015-02-16,23566,14495.0,20118.73774633487
2015-02-17,22111,23566.0,19724.575716043008
2015-02-18,19701,22111.0,16977.02635656919
2015-02-19,20422,19701.0,16702.53760596671
2015-02-20,19850,20422.0,17597.135994042892
2015-02-21,12273,19850.0,11511.014360200055
2015-02-23,17605,12273.0,20047.58706307828
2015-02-24,18209,17605.0,19653.425032786414
2015-02-25,17369,18209.0,16905.8756733126
2015-02-26,17333,17369.0,16631.386922710117
2015-02-27,18179,17333.0,17525.985310786302
2015-02-28,13587,18179.0,11439.863676943462
2015-03-02,24530,13587.0,19976.43637982169
2015-03-03,24297,24530.0,19582.274349529824
2015-03-04,21293,24297.0,16834.724990056005
2015-03-05,21282,21293.0,16560.236239453527
2015-03-06,20649,21282.0,17454.834627529708
2015-03-07,13079,20649.0,11368.712993686871
2015-03-09,17311,13079.0,19905.285696565097
2015-03-10,18356,17311.0,19511.123666273234
2015-03-11,18039,18356.0,16763.574306799415
2015-03-12,18611,18039.0,16489.085556196933
2015-03-13,16904,18611.0,17383.683944273118
2015-03-14,13062,16904.0,11297.562310430278
2015-03-16,23672,13062.0,19834.135013308507
2015-03-17,21524,23672.0,19439.97298301664
2015-03-18,20383,21524.0,16692.42362354282
2015-03-19,21487,20383.0,16417.934872940343
2015-03-20,19842,21487.0,17312.533261016524
2015-03-21,11543,19842.0,11226.411627173688
2015-03-23,19616,11543.0,19762.984330051913
2015-03-24,18084,19616.0,19368.82229976005
2015-03-25,18033,18084.0,16621.27294028623
2015-03-26,19145,18033.0,16346.784189683749
2015-03-27,18171,19145.0,17241.382577759934
2015-03-28,14921,18171.0,11155.260943917094
2015-03-30,26301,14921.0,19691.833646795323
2015-03-31,24361,26301.0,19297.671616503456
2015-04-01,27057,24361.0,16550.12225702964
2015-04-02,26833,27057.0,16275.633506427159
2015-04-04,17202,26833.0,17170.23189450334
2015-04-07,20980,17202.0,11084.110260660504
2015-04-08,19265,20980.0,19620.68296353873
2015-04-09,19580,19265.0,19226.520933246866
2015-04-10,17770,19580.0,16478.971573773048
2015-04-11,12578,17770.0,16204.482823170569
2015-04-13,26072,12578.0,17099.08121124675
2015-04-14,23663,26072.0,11012.95957740391
2015-04-15,21998,23663.0,19549.53228028214
2015-04-16,22631,21998.0,19155.370249990272
2015-04-17,21524,22631.0,16407.820890516457
2015-04-18,13319,21524.0,16133.332139913975
2015-04-20,21277,13319.0,17027.93052799016
2015-04-21,19156,21277.0,10941.80889414732
2015-04-22,16265,19156.0,19478.381597025545
2015-04-23,17520,16265.0,19084.219566733682
2015-04-24,19292,17520.0,16336.670207259865
2015-04-25,12166,19292.0,16062.181456657385
2015-04-27,25498,12166.0,16956.779844733566
2015-04-28,25161,25498.0,10870.658210890726
2015-04-29,24525,25161.0,19407.230913768955
2015-04-30,25979,24525.0,19013.068883477088
2015-05-02,17160,25979.0,16265.519524003275
2015-05-04,28072,17160.0,15991.030773400791
2015-05-05,21962,28072.0,16885.629161476976
2015-05-06,21646,21962.0,10799.507527634136
2015-05-07,21387,21646.0,19336.08023051236
2015-05-08,20153,21387.0,18941.918200220498
2015-05-09,11984,20153.0,16194.368840746682
2015-05-11,22361,11984.0,15919.880090144201
2015-05-12,21100,22361.0,16814.478478220382
2015-05-13,22672,21100.0,10728.356844377544
2015-05-15,20642,22672.0,19264.92954725577
2015-05-16,13821,20642.0,18870.767516963904
2015-05-18,26705,13821.0,16123.218157490091
2015-05-19,25232,26705.0,15848.729406887607
2015-05-20,20748,25232.0,16743.32779496379
2015-05-21,22520,20748.0,10657.206161120952
2015-05-22,22397,22520.0,19193.778863999178
2015-05-23,14827,22397.0,18799.616833707314
2015-05-26,22840,14827.0,16052.0674742335
2015-05-27,21900,22840.0,15777.578723631017
2015-05-28,19957,21900.0,16672.1771117072
2015-05-29,20771,19957.0,10586.05547786436
2015-05-30,13920,20771.0,19122.628180742588
2015-06-01,29475,13920.0,18728.46615045072
2015-06-02,26627,29475.0,15980.916790976908
2015-06-03,26953,26627.0,15706.428040374425
2015-06-04,25051,26953.0,16601.02642845061
2015-06-05,22762,25051.0,10514.904794607768
2015-06-06,13590,22762.0,19051.477497485994
2015-06-08,22076,13590.0,18657.31546719413
2015-06-09,20205,22076.0,15909.766107720316
2015-06-10,21379,20205.0,15635.277357117833
2015-06-11,21053,21379.0,16529.875745194015
2015-06-12,19520,21053.0,10443.754111351178
2015-06-13,11943,19520.0,18980.326814229404
2015-06-15,28545,11943.0,18586.164783937536
2015-06-16,25085,28545.0,15838.615424463724
2015-06-17,24332,25085.0,15564.126673861241
2015-06-18,23337,24332.0,16458.725061937424
2015-06-19,22946,23337.0,10372.603428094586
2015-06-20,14658,22946.0,18909.17613097281
2015-06-22,21859,14658.0,18515.014100680946
2015-06-23,19446,21859.0,15767.464741207132
2015-06-24,21898,19446.0,15492.97599060465
2015-06-25,19451,21898.0,16387.57437868083
2015-06-26,19273,19451.0,10301.452744837994
2015-06-27,13108,19273.0,18838.02544771622
2015-06-29,28456,13108.0,18443.863417424353
2015-06-30,27140,28456.0,15696.31405795054
2015-07-01,24957,27140.0,15421.825307348057
2015-07-02,24384,24957.0,16316.42369542424
2015-07-03,22937,24384.0,10230.302061581402
2015-07-04,13001,22937.0,18766.87476445963
2015-07-06,22403,13001.0,18372.712734167762
2015-07-07,20064,22403.0,15625.163374693948
2015-07-08,21079,20064.0,15350.674624091465
2015-07-09,21279,21079.0,16245.273012167649
2015-07-10,20231,21279.0,10159.15137832481
2015-07-11,13111,20231.0,18695.724081203036
2015-07-13,27178,13111.0,18301.562050911172
2015-07-14,25460,27178.0,15554.012691437356
2015-07-15,24210,25460.0,15279.523940834873
2015-07-16,23899,24210.0,16174.122328911057
2015-07-17,21685,23899.0,10088.000695068218
2015-07-18,13536,21685.0,18624.573397946446
2015-07-20,22258,13536.0,18230.41136765458
2015-07-21,19339,22258.0,15482.862008180766
2015-07-22,18046,19339.0,15208.373257578281
2015-07-23,19532,18046.0,16102.971645654465
2015-07-24,17420,19532.0,10016.850011811626
2015-07-25,13558,17420.0,18553.422714689852
2015-07-27,23932,13558.0,18159.26068439799
2015-07-28,23248,23932.0,15411.711324924172
2015-07-29,21556,23248.0,15137.22257432169
2015-07-30,22177,21556.0,16031.820962397873
2015-07-31,23093,22177.0,9945.699328555034
